low,high
0.009312341464628022,0.06494535502840179
